label,orb_avg_0,orb_avg_1,orb_avg_2,orb_avg_3,orb_avg_4,orb_avg_5,orb_avg_6,orb_avg_7,orb_avg_8,orb_avg_9,orb_avg_10,orb_avg_11,orb_avg_12,orb_avg_13,orb_avg_14,orb_avg_15,orb_avg_16,orb_avg_17,orb_avg_18,orb_avg_19,orb_avg_20,orb_avg_21,orb_avg_22,orb_avg_23,orb_avg_24,orb_avg_25,orb_avg_26,orb_avg_27,orb_avg_28,orb_avg_29,orb_avg_30,orb_avg_31
1F1N,131.618,116.912,99.13,105.306,100.696,124.208,99.822,90.1,129.088,169.494,119.692,69.438,151.084,127.856,76.918,75.358,126.518,138.636,126.632,65.054,89.354,139.81,188.186,54.814,194.16,187.032,87.416,87.176,110.642,109.558,112.746,90.612
1F1N,100.658,132.5,112.732,141.066,124.364,146.662,142.374,127.534,128.68,106.104,146.426,111.33,120.99,147.212,104.87,104.736,137.526,142.994,125.636,134.758,134.948,131.552,108.474,147.642,134.138,136.278,122.712,138.106,106.224,113.39,135.06,143.318
1F1N,106.134,129.204,133.62,116.474,135.996,143.058,135.09,131.31,131.29,145.522,138.196,121.312,124.322,145.416,121.59,122.364,136.32,145.29,147.058,119.896,133.574,141.732,143.61,133.524,133.336,156.372,102.914,130.576,131.452,132.35,127.054,148.672
1F1N,130.594,119.556,102.556,111.2,111.42,126.04,98.634,95.572,128.592,174.72,117.548,63.796,158.542,135.122,77.594,79.89,123.996,141.566,127.758,63.232,86.936,127.688,193.954,54.348,193.992,181.838,97.85,89.218,114.654,108.128,114.808,93.284
1F1N,123.934,117.014,107.898,101.702,106.602,121.374,100.496,94.744,128.166,168.092,123.982,70.84,165.564,120.37,76.192,81.748,122.64,138.59,129.404,65.648,89.88,136.504,195.088,53.602,186.93,182.718,95.64,92.344,112.486,117.468,110.416,95.522
1F1N,135.79,136.974,119.988,106.344,113.604,94.398,98.126,110.212,120.738,193.83,129.62,95.986,172.508,119.09,94.254,86.106,111.958,152.234,142.554,81.824,106.674,109.958,216.518,53.01,186.246,162.23,121.082,104.52,122.484,128.456,103.556,86.724
1F1N,104.438,130.33,135.41,115.578,137.362,139.408,139.586,132.136,124.256,140.306,131.806,133.07,121.982,144.256,124.752,121.78,135.114,141.232,135.38,125.542,136.216,145.056,137.752,136.24,129.92,147.34,109.378,134.364,136.018,133.458,131.914,149.644
1F1N,131.68,121.846,124.686,99.332,115.65,89.394,100.372,105.222,110.176,179.798,127.882,103.754,179.128,105.322,92.538,75.26,110.702,149.006,140.482,89.256,107.226,124.804,209.376,48.46,189.73,169.344,121.016,104.176,127.196,138.872,99.33,88.968
1F1N,98.472,76.786,97.372,104.278,77.254,85.18,96.772,69.274,89.506,195.486,108.138,65.784,152.5,77.182,88.95,77.33,119.594,141.134,133.704,44.682,60.994,98.832,195.85,48.85,178.196,181.26,86.018,81.272,99.034,98.104,76.692,79.396
1F1N,129.116,121.184,101.816,104.338,105.62,114.81,99.06,90.242,119.592,169.928,122.392,72.94,161.546,119.228,78.878,79.256,119.832,141.434,131.17,67.052,90.914,135.008,195.51,53.114,188.93,181.81,93.754,88.866,109.566,113.778,108.536,96.35
1F1N,131.882,134.16,119.514,106.602,111.258,93.464,98.31,105.144,118.116,193.558,129.03,96.136,171.4,115.394,93.472,87.026,111.688,151.308,141.894,80.686,104.96,112.422,215.31,51.596,186.42,163.842,120.394,104.234,121.824,126.086,102.444,87.68
1F1N,101.976,132.508,132.926,117.2,136.77,139.884,137.614,134.472,128.898,141.986,139.112,127.46,125.514,149.216,124.572,114.584,136.888,144.58,144.356,120.776,130.06,137.322,138.124,135.848,135.294,153.484,102.564,134.33,128.564,133.134,126.716,150.198
1F1N,134.544,135.148,119.868,105.81,112.486,95.434,98.166,106.486,118.504,194.492,131.248,95.926,171.474,117.738,95.418,87.038,111.766,153.676,142.504,82.012,104.52,110.9,215.938,51.576,187.484,165.412,119.296,102.108,123.522,128.434,102.656,85.046
1F1N,105.194,129.58,133.884,114.506,136.018,142.824,137.892,132.432,131.26,145.842,138.084,123.842,123.54,145.428,123.532,119.754,136.966,145.398,144.506,120.702,135.902,142.658,144.196,131.652,131.92,154.19,103.282,130.46,133.022,135.174,128.344,151.772
1F1N,132.61,126.086,111.228,97.744,109.426,93.76,99.344,105.262,119.672,187.442,131.122,99.944,178.946,111.724,89.874,91.29,113.934,145.52,140.276,79.33,107.726,121.898,209.908,52.7,184.06,169.374,115.154,103.226,122.556,121.34,107.44,85.014
1F1N,105.332,132.584,134.938,118.13,135.85,138.232,136.324,136.46,135.774,145.728,139.154,125.17,123.774,144.574,126.674,121.494,132.124,144.958,138.784,122.86,134.598,144.782,142.654,129.196,132.848,153.024,104.556,132.012,129.948,136.75,123.984,149.922
1F1N,124.306,120.546,117.94,105.186,106.118,87.584,97.246,97.114,111.032,187.564,125.954,94.248,168.13,108.518,93.206,83.976,108.584,147.82,141.718,75.85,96.574,104.012,212.804,50.108,182.712,161.448,116.436,101.4,115.828,117.888,95.222,84.162
1F1N,124.672,112.74,100.136,106.566,97.406,117.454,100.75,89.942,122.802,164.016,116.344,70.098,155.826,121.09,76.436,79.416,124.644,135.988,126.56,63.072,84.812,129.402,189.2,54.278,192.11,182.732,90.372,86.452,108.414,109.156,108.536,88.73
1F1N,122.882,118.116,100.566,108.308,102.974,120.4,100.934,94.234,126.34,163.344,119.482,70.696,156.786,125.426,77.558,80.9,124.7,137.852,127.918,62.958,89.604,132.304,190.79,55.97,190.396,182.42,93.544,90.17,110.492,109.184,109.068,91.246
1F1N,132.906,131.076,97.676,102.094,115.872,98.1,94.808,105.494,121.206,171.882,134.984,78.918,170.632,116.226,75.158,89.786,130.104,149.91,134.51,69.354,99.144,115.818,208.4,55.438,193.154,177.834,100.572,95.94,117.674,112.192,112.272,71.602
1F1N,103.742,130.662,115.048,144.304,119.536,144.572,142.246,132.22,127.972,114.75,151.826,116.55,125.07,150.79,112.484,116.812,143.834,146.158,125.498,136.624,128.04,140.558,121.054,149.526,140.058,139.774,125.842,132.318,110.5,115.608,131.84,149.054
1F1N,105.468,132.716,119.584,146.816,117.31,149.916,142.722,133.624,132.756,112.696,151.352,118.616,125.218,145.72,109.464,113.4,136.308,146.99,125.748,138.982,131.05,133.182,112.244,151.742,144.982,142.918,128.022,131.872,109.134,121.004,130.49,141.502
1F1N,127.844,120.644,99.776,107.52,102.754,122.51,102.074,92.816,127.006,165.818,116.552,69.882,157.208,127.208,78.222,78.304,126.266,137.686,127.96,64.518,89.444,133.596,191.886,54.932,192.156,183.614,93.44,89.358,113.046,112.07,113.014,91.49
1F1N,108.49,134.912,115.674,147.68,124.968,145.374,138.836,137.002,125.722,115.492,149.392,119.398,127.596,146.538,106.178,116.366,137.736,148.586,125.97,137.24,130.782,131.382,116.314,146.656,148.508,144.794,127.164,134.706,107.154,121.238,135.69,141.674
1F1N,105.464,133.978,131.428,117.484,133.17,138.69,134.84,134.814,130.148,142.406,139.558,122.222,123.05,143.442,123.064,123.548,133.572,144.012,142.016,121.152,135.956,141.184,142.38,132.134,133.264,156.516,103.784,129.658,129.28,133.886,129.506,148.962
1F1N,131.61,123.26,112.444,99.306,108.952,99.08,97.418,101.746,113.276,178.526,137.89,99.754,169.366,109.146,87.212,89.3,114.012,157.304,144.862,77.87,99.626,115.654,214.76,50.726,186.3,176.982,114.256,98.25,122.986,122.842,106.088,80.63
1F1N,107.894,135.046,118.152,149.296,121.142,146.06,137.354,136.872,129.676,113.044,146.194,114.79,130.476,145.648,105.958,119.676,138.34,145.374,128.032,137.212,129.748,136.084,116.538,147.58,144.136,147.518,125.51,129.11,106.774,118.518,132.178,142.284
1F1N,106.148,132.734,117.348,149.26,119.49,147.5,140.562,135.878,127.416,113.842,147.252,120.652,129.644,145.326,107.19,114.372,140.976,143.892,127.174,137.288,130.526,135.178,115.532,151.496,144.244,144.742,126.152,135.072,110.232,120.286,128.532,143.78
1F1N,101.37,93.892,118.43,103.464,103.488,68.196,98.364,85.54,82.394,207.166,114.42,92.808,162.218,72.772,102.76,87.112,107.65,141.26,144.454,53.954,85.888,90.406,215.644,45.904,169.85,153.788,119.038,97.504,121.678,119.516,74.134,81.142
1F1N,109.386,134.92,115.23,147.688,125.386,146.084,140.252,137.854,126.68,113.456,148.572,114.93,128.464,148.906,105.834,115.36,137.34,146.918,125.336,137.764,130.318,132.47,115.748,148.244,149.476,145.656,126.996,134.078,106.842,120.656,134.968,141.586
1F1N,111.532,134.968,112.638,148.76,117.906,146.028,141.742,133.798,132.018,112.396,149.416,116.96,124.694,148.848,106.648,110.826,139.298,145.924,127.796,138.174,133.698,132.412,114.454,148.452,147.464,142.756,128.278,133.636,107.98,118.84,133.068,139.452
1F1N,128.678,117.31,108.038,102.372,106.358,123.052,102.704,89.63,123.962,165.528,124.4,76.154,164.232,121.52,77.396,76.556,123.228,146.662,129.692,73.208,92.486,139.1,197.794,55.204,190.568,184.266,91.4,95.028,111.526,117.212,103.968,93.602
1F1N,117.66,105.786,96.096,105.402,93.546,116.292,98.442,84.944,115.908,160.57,110.318,66.186,149.03,120.168,75.258,76.224,119.772,130.116,124.124,57.068,79.748,125.408,188.396,50.742,187.764,178.93,89.866,83.236,107.146,103.862,102.13,87.14
1F1N,104.144,133.704,111.702,144.684,117.878,143.482,136.518,132.956,127.03,105.956,143.762,115.468,125.15,146.616,105.35,111.078,134.288,140.982,124.01,133.028,129.81,129.862,111.73,148.798,143.116,143.086,124.728,133.108,105.304,114.168,130.298,135.164
1F1N,108.502,133.97,118.52,145.99,121.032,145.236,142.102,134.718,131.786,112.092,151.178,116.308,124.266,150.58,108.142,113.66,137.862,147.538,126.722,136.648,131.338,132.312,115.604,149.006,149.278,144.742,125.636,130.588,109.18,121.034,134.63,142.566
1F1N,101.914,93.538,118.026,101.96,103.124,70.576,99.86,85.462,84.21,208.418,114.66,93.406,162.518,73.076,102.494,90.766,106.248,140.2,144.508,54.6,88.026,91.494,216.036,45.54,169.74,152.476,118.116,96.254,120.936,118.834,76.58,80.476
1F1N,107.302,128.998,140.184,113.968,136.412,134.266,134.912,130.358,130.502,154.55,132.134,122.186,126.88,137.476,124.342,117.43,137.132,143.578,147.018,118.416,130.622,134.988,149.804,127.116,134.362,150.746,107.836,129.936,131.544,130.99,129.45,147.018
1F1N,128.164,121.68,101.868,111.388,110.776,123.04,99.792,94.624,126.232,171.99,118.796,65.572,156.736,131.6,78.686,79.216,125.522,141.122,127.224,63.894,87.034,131.14,194.272,54.172,194.074,181.356,96.616,90.986,112.614,111.878,115.8,92.286
1F1N,104.316,129.472,134.694,114.358,133.47,142.22,135.046,130.312,128.808,145.752,137.234,122.08,123.47,142.72,121.35,119.884,134.686,145.964,143.812,121.196,133.61,143.676,144.304,130.456,132.416,153.09,102.842,129.94,132.688,134.474,127.022,149.67
1F1N,100.892,133.58,112.7,139.964,122.23,149.248,142.392,129.412,127.674,105.372,145.844,111.38,122.162,146.57,105.368,104.344,139.274,142.568,126.316,133.914,133.878,130.956,108.614,149.598,134.208,132.046,122.732,139.286,105.544,111.554,135.932,144.042
1F1N,104.85,132.542,136.812,116.008,137.258,140.402,135.742,135.324,130.662,141.78,137.054,122.712,126.928,145.854,124.556,114.748,135.374,140.734,145.49,119.094,131.514,141.142,142.31,132.876,132.656,155.18,102.32,130.494,130.388,134.186,123.82,148.332
1F1N,105.942,128.188,132.802,115.336,134.02,140.198,136.482,130.564,129.172,144.208,137.108,120.258,123.53,141.454,120.228,119.946,135.518,144.242,142.788,121.262,133.236,141.412,143.812,129.91,131.676,155.024,104.252,128.638,133.622,133.576,126.05,148.448
1F1N,127.872,127.498,117.334,104.852,106.68,90.4,98.536,101.836,118.444,188.184,129.188,95.556,168.85,109.812,92.948,86.26,111.07,150.372,143.354,77.062,99.496,108.898,214.75,50.236,183.446,162.55,119.854,101.73,117.236,123.452,98.428,83.778
1F1N,105.382,130.594,139.322,113.548,136.45,135.902,134.602,129.908,132.16,154.212,133.982,123.176,126.454,137.974,124.772,120.526,132.716,145.168,148.164,119.498,132.648,138.064,150.108,129.758,134.71,154.444,108.07,129.984,132.57,134.308,128.956,146.438
1F2N,113.558,133.38,130.448,123.838,125.122,122.036,118.464,129.666,131.602,131.018,141.398,101.42,145.208,130.264,95.722,102.728,119.324,151.74,134.79,109.134,116.67,151.334,159.342,91.152,162.604,161.466,102.53,101.608,125.23,139.318,123.418,119.812
1F2N,105.188,136.652,110.796,162.19,128.326,144.866,137.236,136.78,125.436,103.048,143.25,98.702,147.978,140.27,110.894,114.502,147.998,123.2,104.154,129.688,122.598,143.712,113.764,151.76,147.652,155.63,137.342,120.964,110.216,121.592,139.332,129.86
1F2N,104.914,125.292,143.49,161.632,125.294,134.128,172.012,141.73,125.394,147.024,176.514,121.584,148.448,167.17,127.126,137.184,174.412,151.758,147.35,147.756,140.904,163.712,146.028,191.552,133.24,136.92,151.664,147.102,114.252,124.554,124.732,164.982
1F2N,124.122,132.814,124.13,141.054,122.696,137.776,120.93,123.798,127.756,111.33,156.976,111.064,148.33,130.85,104.896,112.026,132.302,147.9,137.534,114.422,115.554,137.514,146.35,111.782,158.374,168.184,118.512,110.628,128.654,130.594,127.456,116.812
1F2N,106.808,132.966,111.206,162.214,126.926,141.188,135.294,136.182,123.084,105.182,148.694,94.708,149.082,137.472,107.908,105.104,145.448,126.722,102.878,124.546,112.09,145.818,116.118,148.94,151.902,154.536,136.728,118.952,116.776,123.614,137.026,128.388
1F2N,119.982,140.298,128.84,143.76,122.922,143.188,119.508,127.134,136.28,111.282,153.17,104.952,148.068,143.428,101.866,114.032,139.996,144.536,138.394,109.514,116.892,132.352,146.636,116.962,158.864,164.08,116.304,112.828,129.804,120.69,131.758,116.272
1F2N,109.428,132.922,113.25,161.456,130.554,139.8,138.72,135.228,125.386,116.628,143.944,98.424,152.354,141.286,111.832,112.236,147.966,128.39,103.468,129.032,120.656,148.174,113.764,148.804,151.494,155.406,138.134,122.32,115.992,125.676,132.318,127.184
1F2N,112.302,135.292,125.826,116.056,131.326,143.092,131.752,140.39,130.048,125.964,148.23,118.158,135.554,145.536,108.346,117.444,135.688,136.374,142.162,130.976,132.728,138.164,132.158,126.178,136.994,141.56,113.88,126.674,122.41,127.226,123.306,146.522
1F2N,109.75,133.41,120.862,149.95,130.612,130.662,138.952,130.61,125.558,115.018,154.618,111.046,138.176,135.746,115.228,114.538,145.464,140.32,128.844,130.518,132.264,136.224,130.67,148.538,141.306,149.97,130.844,125.226,121.144,126.044,135.636,130.724
1F2N,113.904,135.12,131.242,120.856,126.574,119.41,116.246,132.258,132.788,134.488,139.976,98.884,149.24,133.086,96.084,102.158,118.498,152.21,137.526,104.668,120.35,148.774,162.542,87.958,160.372,159.794,97.08,103.562,124.808,136.002,121.214,118.412
1F2N,113.438,135.296,129.09,115.856,132.152,141.874,133.094,139.974,134.39,126.428,147.646,119.578,135.65,146.546,111.768,117.306,135.21,139.362,143.354,130.246,135.246,140.478,132.754,127.968,133.234,140.716,117.232,127.254,124.506,132.874,124.294,144.036
1F2N,112.542,129.618,132.382,118.666,126.128,124.818,120.686,127.228,129.384,134.878,139.392,102.838,144.062,131.904,104.638,103.168,123.544,146.056,134.466,100.366,120.124,152.552,159.05,96.832,155.612,159.01,93.984,110.186,129.78,137.222,115.946,123.852
1F2N,118.01,134.75,121.968,144.91,127.226,132.338,124.664,129.136,131.34,114.602,154.084,105.772,151.576,132.74,107.366,107.22,139.708,148.866,129.154,116.672,121.402,136.13,142.152,119.924,158.006,166.188,121.552,115.216,126.874,132.262,132.27,120.906
1F2N,108.374,134.736,125.744,113.57,128.788,140.898,131.888,139.532,134.61,123.654,146.422,115.294,135.946,146.876,108.508,113.18,134.398,130.398,140.512,127.91,129.646,136.584,130.88,122.444,129.866,136.608,112.972,122.14,125.738,126.566,123.576,146.886
1F2N,113.246,136.95,119.204,148.96,129.578,132.852,134.266,132.056,130.388,114.472,156.254,110.9,139.354,136.644,115.31,112.92,145.814,145.692,127.408,126.558,129.488,134.452,131.526,142.89,144.69,150.852,128.902,125.602,120.526,126.666,133.04,130.684
1F2N,110.162,136.332,110.288,159.99,130.794,142.024,135.656,136.634,125.09,109.762,149.072,92.954,151.272,138.836,107.028,110.602,147.572,130.658,103.61,127.602,116.15,145.986,116.284,150.452,152.356,158.822,136.892,119.024,114.494,124.094,136.74,124.43
1F2N,123.224,134.542,122.114,142.8,124.188,138.542,120.556,124.892,127.518,110.346,157.724,107.416,147.268,132.324,101.988,112.278,134.344,147.868,136.228,114.682,115.152,137.028,144.318,110.746,158.236,169.238,117.514,109.044,128.508,131.818,128.498,116.912
1F2N,112.056,129.666,131.478,119.102,126.85,122.582,120.386,128.192,130.522,136.28,141.158,102.154,143.964,132.482,104.134,103.388,125.266,144.76,133.38,100.812,120.506,150.762,160.696,97.522,155.498,157.626,93.692,110.058,128.942,136.37,116.258,123.184
1F2N,106.942,135.936,110.836,163.582,129.102,145.006,140.792,136.042,126.136,104.66,149.582,96.928,148.246,141.254,109.854,106.41,148.632,129.938,101.334,128.836,116.252,146.388,114.624,154.174,153.244,155.758,139.098,118.9,115.964,124.424,136.974,131.16
1F2N,105.858,135.812,112.066,157.882,132.208,141.896,140.138,137.088,126.192,111.394,147.338,97.72,151.126,139.12,108.77,108.806,147.876,127.486,98.456,125.344,121.396,148.236,117.04,149.098,153.292,149.214,135.674,120.238,114.698,120.446,135.134,128.882
1F2N,124.082,131.668,122.47,141.032,121.75,138.062,118.66,122.598,128.928,111.18,157.552,109.5,148.63,131.38,102.954,111.592,131.622,147.994,139.106,113.402,116.096,136.484,143.788,111.14,157.392,170.148,117.322,108.958,128.188,127.798,125.542,115.626
1F2N,103.014,131.89,109.5,159.284,123.198,141.082,134.552,133.458,125.832,104.364,142.004,93.52,150.256,135.936,109.098,102.79,143.112,123.234,101.738,123.162,113.87,143.182,113.842,149.56,149.156,150.684,135.334,116.448,113.72,124.024,133.542,123.552
1F2N,109.38,131.562,130.198,116.768,125.55,140.332,130.988,133.178,136.988,122.776,149.504,119.438,139.506,148.77,111.008,116.708,132.214,134.198,147.094,123.808,130.68,139.588,135.59,119.462,136.942,141.858,114.046,123.286,123.934,126.184,121.23,144.168
1F2N,109.522,128.302,131.49,116.448,121.964,118.808,118.486,123.954,135.804,144.794,150.93,105.396,151.998,136.424,97.56,109.194,122.056,157.068,144.148,100.042,111.332,158.162,170.576,91.486,160.078,158.244,96.266,99.618,124.986,134.364,114.318,124.66
1F2N,90.452,109.034,149.536,135.356,117.632,111.29,147.768,136.04,124.364,170.102,189.842,119.186,168.104,180.84,133.31,142.084,162.472,172.042,166.132,100.902,111.902,187.312,187.704,141.964,136.492,152.812,116.646,112.52,108.964,124.618,107.444,163.94
1F2N,111.814,132.54,129.614,119.832,119.324,119.768,116.148,126.77,130.894,131.064,141.264,97.732,148.51,131.386,94.346,101.568,117.584,151.178,135.97,102.056,115.822,150.12,161.828,86.92,161.16,159.974,96.67,100.914,123.938,132.64,116.334,114.536
1F2N,124.752,131.032,122.286,141.54,122.3,134.904,121.538,123.414,132.42,116.306,155.934,103.076,152.21,132.794,104.024,113.476,135.122,147.95,135.14,112.744,117.996,138.012,143.894,110.18,156.264,165.736,120.89,110.046,129.886,127.404,128.844,117.646
1F2N,112.66,136.466,131.504,121.332,126.294,121.03,117.552,132.64,130.996,134.352,141.19,97.52,148.928,132.91,96.154,103.054,119.396,151.756,136.76,104.988,120.808,151.83,162.594,87.692,160.362,160.234,98.094,103.33,127.058,134.466,121.724,120.782
1F2N,103.266,131.3,107.61,159.684,125.642,143.13,136.372,135.944,123.704,102.406,146.952,93.636,149.974,137.614,106.168,104.644,145.668,124.864,99.178,123.87,116.544,142.958,114.508,147.98,149.286,152.14,134.42,117.578,114.104,121.616,133.394,126.986
1F2N,111.492,133.492,124.556,118.286,130.002,139.91,134.006,136.89,130.046,124.742,146.724,119.132,133.164,147.15,108.742,114.112,133.842,136.566,139.082,129.726,129.734,136.874,128.71,123.902,134.516,138.948,112.59,122.994,122.172,128.49,123.51,142.058
1F2N,112.134,129.23,132.162,116.94,121.132,119.054,122.532,128.796,133.702,139.336,146.596,105.838,149.588,136.444,102.712,106.324,121.7,149.166,142.278,102.234,117.09,156.438,166.542,91.734,157.098,155.698,101.502,99.07,121.982,136.66,118.548,121.388
1F2N,108.308,134.06,112.124,160.616,127.796,144.626,137.688,135.834,124.224,109.252,149.164,95.62,150.746,138.458,111.104,103.25,145.43,129.484,101.536,126.594,115.35,145.028,118.66,147.218,153.878,157.156,136.876,118.866,117.48,126.578,136.316,130.91
1F2N,122.768,136.988,121.13,141.85,123.72,136.714,120.24,128.182,131.052,113.428,155.238,106.024,147.58,135.37,102.858,116.556,133.436,150.076,131.958,117.176,120.534,137.566,146.236,113.048,156.08,165.612,117.05,112.598,130.83,126.788,129.048,120.978
1F2N,108.632,133.718,126.608,113.266,127.578,138.57,129.426,137.026,130.292,123.682,145.788,111.908,131.606,148.528,109.32,112.936,133.676,136.166,143.444,125.008,128.74,138.08,132.262,120.654,132.756,142.308,113.99,122.602,122.888,130.588,128.504,144.318
1F2N,119.008,133.134,125.612,143.332,122.162,143.01,118.294,123.172,133.942,111.832,156.288,100.332,145.688,140.03,100.95,111.512,138.332,146.352,138.222,113.278,115.922,133.566,145.156,116.538,160.46,165.026,119.82,114.218,129.42,126.652,127.938,119.546
1F2N,111.946,138.278,127.54,115.686,131.09,140.938,133.064,143.066,133.386,126.198,146.976,120.256,137.326,150.494,109.634,117.776,135.08,137.152,142.512,131.696,136.632,138.896,132.694,125.712,133.858,141.094,114.44,126.59,125.394,132.446,123.412,143.992
1F2N,113.912,135.206,130.462,120.152,126.458,119.41,119.892,129.584,132.038,132.076,142.024,101.942,147.998,132.352,99.766,105.272,120.664,147.884,136.018,105.84,118.458,147.618,157.01,94.778,164.866,155.008,101.566,107.49,127.098,137.82,121.57,121.488
1F2N,77.016,95.39,139.77,137.148,123.786,113.616,146.884,127.708,139.824,166.034,198.386,117.728,171.304,181.952,129.034,141.166,162.17,173.326,167.548,95.166,107.4,183.364,191.622,144.164,139.616,147.334,117.98,109.266,107.23,115.126,98.614,168.536
1F2N,122.986,134.006,120.622,141.812,122.934,137.554,120.342,125.418,127.11,111.226,155.708,110.22,148.168,130.394,103.18,112.006,132.79,148.412,136.17,113.854,115.17,136.914,145.032,110.782,158.17,170.256,115.94,109.954,126.172,129.812,126.83,116.52
1F2N,110.24,129.298,128.66,117.508,121.264,120.394,117.298,127.272,129.45,131.81,140.676,96.296,146.856,131.946,94.612,99.87,115.794,151.032,135.18,102.518,118.22,149.73,162.346,86.614,158.108,157.378,94.696,101.892,122.64,135.458,117.228,118.432
1F2N,105.72,134.238,111.864,160.99,128.356,144.078,136.79,137.404,124.768,105.878,147.82,96.376,151.272,138.498,109.146,104.386,144.176,128.636,102.628,126.186,115.536,145.956,116.772,149.112,153.894,156.6,135.594,118.598,116.66,123.462,136.49,128.976
1F2N,98.244,128.318,110.646,168.09,123.556,144.956,154.838,135.89,122.278,95.058,150.724,96.194,145.232,149.454,110.554,110.328,152.958,123.346,101.534,144.15,128.434,142.91,103.716,171.568,137.704,138.408,151.97,125.29,108.358,118.08,136.996,135.048
1F2N,107.234,127.804,121.954,122.308,117.302,118.968,122.17,128.386,126.8,139.324,139.98,99.34,144.366,126.628,95.822,98.312,121.09,149.662,134.84,105.376,116.954,151.384,158.446,93.908,159.526,154.206,99.774,102.084,116.602,130.926,117.666,116.612
1F2N,106.15,130.874,127.23,116.334,131.936,139.548,130.962,138.772,133.034,121.128,144.038,118.144,133.012,144.304,107.486,113.51,136.626,140.028,148.356,130.49,133.782,133.758,134.124,123.978,138.166,141.116,111.198,126.002,125.138,127.678,123.922,144.81
1F3N,94.28,123.824,112.714,168.45,111.698,139.642,142.944,135.274,125.814,76.266,160.0,83.64,134.334,138.138,98.032,96.06,148.078,137.32,112.344,134.02,103.952,143.894,115.366,179.748,160.058,165.998,128.618,119.72,112.27,114.052,124.282,125.758
1F3N,100.316,125.154,142.632,155.556,133.194,126.714,152.57,137.452,123.814,131.29,142.768,133.544,126.882,150.316,130.568,113.104,138.124,149.088,129.722,141.706,138.88,154.098,121.962,174.882,133.718,149.974,139.228,136.968,126.856,143.604,127.82,145.082
1F3N,118.594,141.55,136.448,116.424,133.266,123.762,118.976,140.22,130.558,139.274,143.544,109.092,151.406,146.052,112.528,109.554,123.358,147.148,138.004,114.926,126.042,147.766,161.446,100.548,154.424,156.35,102.382,107.366,131.696,141.59,125.08,123.406
1F3N,83.782,134.21,116.106,153.744,121.714,141.062,152.994,139.414,117.63,101.732,143.23,111.372,117.734,141.008,110.532,99.532,146.348,124.386,103.914,145.382,131.416,133.624,94.5,171.904,128.594,124.954,139.024,132.936,104.178,108.8,134.84,138.988
1F3N,84.206,134.546,120.34,141.608,122.846,128.412,148.852,138.918,113.29,118.974,139.138,103.618,111.112,143.198,117.372,100.298,135.414,127.936,118.818,142.182,138.526,133.946,104.09,164.988,113.956,111.064,133.09,139.478,106.334,116.204,125.01,135.316
1F3N,96.844,121.044,143.936,154.912,130.576,130.158,157.992,131.478,121.222,134.904,142.586,129.558,125.272,151.928,136.582,110.41,140.314,148.084,130.73,134.848,137.056,152.684,120.4,174.228,132.826,153.2,135.898,140.356,127.366,143.164,124.072,148.254
1F3N,100.51,122.764,144.356,155.754,132.428,127.93,158.358,135.594,120.094,129.65,143.166,134.948,128.342,154.908,135.342,113.594,143.432,149.022,128.906,139.062,139.226,153.812,119.458,175.13,130.02,146.912,137.514,141.696,125.574,139.762,133.39,150.474
1F3N,94.034,123.362,116.58,147.842,111.436,131.998,131.65,123.754,112.132,99.584,141.336,94.348,122.92,130.536,99.702,97.452,133.968,127.828,121.596,129.92,113.728,136.834,122.216,156.688,133.96,140.822,121.476,135.796,112.172,111.54,118.956,127.616
1F3N,94.244,124.858,107.016,169.232,114.478,144.924,143.52,130.392,133.418,72.138,161.068,82.904,133.046,145.616,96.432,96.86,147.646,134.864,110.344,134.052,102.104,144.2,109.634,179.022,156.732,166.114,129.198,119.716,111.03,113.846,130.722,129.08
1F3N,97.402,123.392,111.636,166.704,115.696,146.464,148.776,132.334,132.64,80.59,158.42,85.208,133.402,144.302,97.614,97.498,153.346,135.048,114.6,135.944,107.51,147.882,113.258,177.042,160.744,169.72,128.846,125.258,113.918,116.17,127.38,133.442
1F3N,84.596,134.302,110.304,152.138,115.458,141.938,154.872,138.884,121.536,103.168,144.408,106.548,114.232,143.382,112.72,104.14,149.028,126.868,105.258,145.246,129.874,134.938,93.17,175.828,126.498,128.936,136.206,133.368,104.244,106.252,132.986,138.674
1F3N,81.096,135.036,115.728,154.16,118.712,142.184,154.894,140.406,118.182,99.966,144.526,108.446,115.752,142.758,113.194,99.884,148.02,122.854,102.864,146.106,133.646,131.792,91.348,174.198,128.146,125.626,137.246,134.336,102.23,110.658,132.856,141.486
1F3N,90.206,123.014,141.7,162.28,135.924,128.142,168.704,141.58,115.954,130.388,133.522,124.974,114.384,151.234,135.088,103.308,141.19,144.312,135.85,150.384,146.696,151.958,111.762,191.626,117.214,134.63,141.5,154.712,117.97,137.42,131.094,158.594
1F3N,117.202,141.234,134.636,118.29,131.008,126.78,120.344,139.546,129.112,137.158,144.308,107.63,150.744,149.696,110.4,110.0,125.842,145.596,136.478,113.586,124.22,147.28,162.254,100.444,153.908,156.876,100.876,106.094,132.624,140.43,124.38,122.012
1F3N,114.11,137.188,133.228,115.664,127.746,122.56,118.122,137.536,127.754,134.418,140.804,108.844,148.658,144.054,110.54,109.748,122.628,143.93,137.522,110.358,125.228,146.234,160.432,98.934,152.368,154.336,100.396,104.692,130.098,136.362,125.214,118.664
1F3N,80.338,134.146,114.08,149.254,116.836,139.928,150.69,136.866,113.428,100.61,143.21,107.008,114.588,141.272,111.632,96.796,144.474,123.792,103.582,143.104,130.14,133.916,93.798,170.576,121.81,121.794,135.672,131.078,102.8,107.868,134.302,138.784
1F3N,80.41,133.414,115.324,153.678,119.264,142.88,157.134,136.648,120.596,104.932,145.78,109.446,115.58,143.194,114.562,97.998,145.92,125.244,100.44,141.034,135.522,133.478,92.094,170.586,128.544,128.138,139.086,131.434,104.342,109.818,133.32,146.596
1F3N,120.848,138.912,137.584,127.746,136.65,121.046,122.226,141.706,128.45,144.464,140.7,103.086,157.986,145.79,112.342,109.906,130.85,144.118,133.504,114.68,122.616,144.96,154.748,104.476,157.576,155.942,112.434,107.638,132.64,142.454,124.606,122.32
1F3N,99.48,123.452,144.318,155.626,132.722,127.87,154.034,135.558,124.286,132.39,143.274,132.418,126.194,149.564,131.722,113.71,138.012,147.624,130.15,141.294,139.676,154.252,121.056,175.064,132.972,151.214,139.89,138.636,126.492,142.978,128.466,144.658
1F3N,98.552,123.008,143.964,158.1,132.534,129.416,154.368,136.8,124.482,131.646,142.274,133.47,125.398,152.466,132.366,115.352,140.6,148.118,131.43,142.022,139.77,153.856,121.464,176.95,131.152,150.802,139.952,139.518,126.408,142.508,126.744,146.52
1F3N,115.512,138.862,136.118,120.912,130.166,122.066,120.456,142.98,129.44,135.174,146.63,105.024,150.168,146.1,108.098,108.414,126.266,148.99,137.458,107.844,117.628,146.554,156.976,98.904,159.028,163.036,97.934,105.842,135.846,141.886,123.134,121.822
1F3N,117.18,135.148,133.486,117.25,130.994,124.574,119.676,139.036,134.452,134.47,142.2,101.768,153.002,150.094,110.462,112.052,126.366,145.682,137.464,113.26,121.148,147.208,158.954,101.832,154.738,160.894,101.476,107.47,132.22,137.868,123.198,119.326
1F3N,97.14,123.4,110.88,168.428,110.812,138.212,145.834,132.402,133.698,70.792,163.554,80.544,134.68,140.792,99.158,101.102,147.044,134.978,113.072,129.806,105.984,140.19,111.084,174.93,157.388,167.35,129.82,119.238,112.936,114.61,129.854,128.498
1F3N,116.428,134.57,133.092,122.878,131.204,128.792,118.28,141.988,136.052,139.49,149.088,101.81,148.512,146.704,104.288,106.32,121.216,154.8,139.382,107.438,117.08,149.322,160.966,101.264,160.438,161.938,102.806,101.118,137.284,138.576,117.828,119.614
1F3N,83.592,131.958,115.27,152.214,115.232,142.066,155.812,139.984,120.548,102.372,144.578,108.694,122.818,147.558,117.088,102.93,147.194,128.046,102.582,148.626,131.494,132.77,93.356,177.288,127.162,127.366,142.042,135.416,105.264,108.94,131.042,139.682
1F3N,114.58,135.74,133.988,116.04,130.616,122.014,117.384,137.15,127.738,133.58,143.914,107.314,149.956,146.194,109.494,108.578,124.028,145.844,136.862,111.726,122.55,146.406,158.48,101.096,154.45,154.482,101.026,105.018,131.092,137.074,123.556,119.162
1F3N,101.492,121.468,143.482,157.02,129.512,125.85,154.444,130.448,123.658,131.816,146.612,126.418,124.312,153.822,132.398,115.314,142.046,148.966,130.69,137.142,134.922,153.086,120.656,174.008,133.222,154.472,137.9,134.4,129.794,141.59,128.274,142.744
1F3N,96.636,121.866,141.018,153.056,129.054,124.248,153.804,135.548,124.216,129.726,142.272,132.44,123.066,148.262,131.272,107.96,138.144,147.068,130.438,140.022,137.612,151.746,122.874,174.9,130.742,147.106,137.376,137.522,125.928,140.034,126.902,142.588
1F3N,93.372,122.984,106.768,166.282,114.036,144.134,143.702,129.17,130.168,72.054,159.18,80.752,133.376,142.918,94.178,96.286,148.134,135.062,109.192,132.138,101.848,145.004,109.82,178.536,156.122,167.476,126.876,118.37,110.944,112.97,127.872,130.148
1F3N,97.058,125.708,148.182,152.582,133.106,129.97,154.63,135.566,121.906,130.194,142.428,129.392,126.58,157.624,131.146,115.148,142.432,147.896,132.408,138.44,140.148,153.238,119.976,171.89,133.63,151.984,133.768,138.22,128.532,140.204,126.352,145.008
1F3N,96.78,123.078,110.412,169.472,113.916,142.982,144.024,129.382,132.244,76.958,162.828,84.31,132.734,142.924,96.51,97.248,148.932,137.394,109.912,135.352,104.146,145.09,110.172,179.942,157.84,168.174,130.048,120.112,113.488,116.256,130.398,128.118
1F3N,95.978,123.852,106.682,169.94,114.318,143.99,144.086,130.82,134.71,72.51,161.626,81.828,133.854,143.002,96.206,95.986,149.504,135.088,109.672,133.192,102.348,144.692,109.822,178.974,157.014,169.298,128.302,120.268,112.306,114.328,130.15,128.376
1F3N,92.666,119.506,105.99,164.718,109.176,137.826,142.698,127.022,127.53,70.554,160.408,78.612,129.654,138.116,88.7,90.348,144.81,130.212,108.044,129.746,99.524,144.576,106.736,175.41,152.684,163.374,125.528,117.556,110.336,109.458,124.806,126.77
1F3N,94.454,123.112,108.428,169.578,114.184,143.13,144.788,128.51,133.102,70.604,160.888,82.422,135.078,141.806,95.0,95.844,149.448,135.066,108.664,133.462,102.346,143.712,109.792,178.318,157.144,168.744,128.738,120.546,111.89,115.734,129.47,127.808
1F3N,84.51,132.38,111.39,153.888,117.054,144.552,155.764,135.036,118.326,99.868,148.064,111.51,117.282,142.828,116.314,104.656,149.192,127.63,102.788,144.51,130.528,132.98,96.346,174.478,128.028,131.26,137.112,132.364,109.302,106.546,131.212,139.788
1F3N,116.668,139.422,136.194,116.626,130.746,123.792,118.792,138.744,129.828,136.036,143.302,108.48,149.526,145.966,110.568,107.7,124.58,143.872,137.702,110.846,125.388,148.084,161.106,100.164,154.5,157.556,100.632,107.686,133.37,138.984,125.912,121.468
1F3N,92.536,121.582,139.508,155.854,135.298,132.496,164.222,134.26,114.212,131.25,140.576,130.772,113.89,150.624,135.26,110.954,144.08,143.88,136.478,146.064,135.994,151.748,115.622,184.35,125.308,142.194,141.108,150.164,123.442,135.656,130.054,154.554
1F3N,82.136,135.204,117.924,151.458,122.002,138.562,160.276,140.764,111.774,109.708,142.426,112.548,117.04,143.146,116.458,106.8,149.372,131.056,116.718,149.778,134.174,133.216,98.744,172.724,128.73,122.522,136.684,141.598,105.064,110.22,131.802,141.878
1F3N,80.198,137.45,114.806,152.822,120.626,140.5,153.598,140.272,116.27,100.402,142.09,108.044,115.318,142.526,112.966,99.83,148.766,120.952,102.83,142.574,133.114,132.384,91.894,174.18,125.12,124.962,136.724,132.038,104.3,109.338,134.55,139.638
1F3N,113.662,137.226,135.792,115.726,132.046,121.948,119.368,139.662,129.442,138.502,142.812,108.354,150.992,145.352,110.962,107.83,122.87,146.142,137.098,111.586,123.09,148.596,158.474,99.626,151.38,154.002,100.468,105.358,133.696,140.056,122.538,122.8
1F3N,97.948,121.966,142.708,155.364,132.316,125.956,152.736,134.242,124.638,132.05,141.672,134.156,123.77,150.126,132.086,111.816,137.642,149.838,130.814,141.362,138.284,152.266,121.976,174.684,132.974,150.208,138.206,137.788,126.086,142.532,127.01,144.304
1F3N,91.038,123.916,104.642,171.698,113.046,146.192,143.556,137.14,128.804,67.222,159.97,79.014,131.926,150.376,96.006,99.094,146.802,138.434,104.2,140.366,100.748,145.27,104.548,183.962,159.508,170.4,129.508,121.398,108.418,112.976,127.764,126.248
1F3N,81.978,132.824,116.992,155.932,120.782,139.752,152.354,140.082,116.316,101.534,141.672,111.1,119.24,141.846,114.468,98.768,147.074,123.882,102.956,147.14,131.722,132.366,93.656,173.078,128.814,124.21,140.466,130.554,103.068,110.606,135.546,138.276
1F3N,117.538,141.906,133.286,116.566,133.14,125.192,122.238,145.292,129.446,130.544,145.22,107.586,149.484,147.078,112.6,114.048,123.346,149.55,135.36,114.95,126.774,148.786,157.768,100.29,151.912,156.326,102.504,108.174,133.832,138.76,127.132,124.916
1F4N,114.774,126.684,128.71,135.024,130.762,123.758,133.0,137.334,128.132,138.704,142.824,105.132,143.056,141.006,123.112,113.622,133.862,139.918,135.526,111.78,123.578,135.766,148.196,130.12,141.756,156.784,111.012,116.416,124.948,131.776,117.916,134.032
1F4N,94.304,123.626,129.666,173.116,138.488,131.65,148.842,137.036,115.774,115.952,144.604,108.25,128.98,141.166,127.236,119.2,149.732,140.086,107.05,130.842,125.846,134.356,117.542,171.454,139.84,151.302,142.78,119.394,117.37,137.768,134.834,146.51
1F4N,101.516,127.406,118.746,150.738,124.912,133.71,136.708,136.412,120.674,123.66,142.036,104.286,135.908,147.95,117.338,122.222,150.718,129.056,120.958,119.244,128.428,135.538,125.554,151.152,139.792,150.602,123.546,122.218,113.902,126.25,125.168,136.84
1F4N,119.746,133.31,132.226,141.496,140.666,125.776,125.858,143.628,123.244,130.028,138.74,108.266,135.058,139.82,121.5,119.94,136.06,138.916,129.47,121.784,121.626,127.316,141.394,132.768,143.162,153.988,121.782,121.446,132.524,133.156,127.322,127.28
1F4N,105.566,127.324,116.046,153.574,124.2,135.538,131.68,131.694,120.818,123.072,137.99,105.806,134.106,138.65,117.088,120.78,148.48,128.828,123.628,118.884,126.068,128.232,124.056,154.78,136.664,144.592,127.184,121.458,112.86,126.622,127.548,132.598
1F4N,117.492,126.636,132.6,148.158,131.934,130.496,136.66,139.956,121.628,128.54,137.174,109.192,129.666,135.82,130.172,126.87,145.76,131.524,125.874,131.428,131.486,125.53,128.49,156.584,136.236,145.27,135.308,131.57,128.868,133.63,123.766,138.378
1F4N,114.188,128.958,129.314,139.59,126.278,128.546,131.956,139.464,128.232,133.318,147.21,107.852,140.652,147.174,119.538,123.95,141.688,143.212,141.84,114.4,126.748,135.16,141.762,140.476,141.848,157.668,116.622,122.77,124.226,128.958,119.418,137.314
1F4N,98.582,128.138,121.82,179.616,134.134,133.014,146.146,143.882,115.902,109.636,145.352,106.64,129.1,140.39,127.956,123.12,153.034,140.234,100.184,138.994,130.692,133.242,106.496,181.188,137.262,152.388,144.834,123.336,110.804,135.978,134.07,143.986
1F4N,105.726,129.144,120.308,166.386,126.604,137.864,136.48,134.004,119.494,124.002,138.596,109.164,136.776,140.734,123.286,125.176,154.568,130.042,117.712,124.35,127.12,122.052,124.152,170.796,138.714,141.57,135.868,123.68,113.574,129.016,128.724,136.078
1F4N,96.202,126.148,128.618,172.598,134.856,131.516,146.122,138.912,118.544,111.024,145.562,105.346,129.498,140.858,124.666,118.792,150.792,141.994,104.79,134.21,124.87,136.076,112.876,176.262,136.218,154.714,142.242,119.67,117.354,133.322,134.1,144.358
1F4N,107.02,127.994,117.878,153.148,126.294,131.596,131.316,132.93,126.484,124.244,140.288,105.368,138.09,139.724,117.048,122.234,149.99,127.856,125.708,119.324,125.56,131.566,126.902,151.268,138.682,149.074,127.036,121.32,116.21,128.462,128.676,133.154
1F4N,117.222,125.522,129.662,157.452,129.716,129.002,125.952,134.81,116.092,129.504,137.28,105.914,137.938,129.326,122.138,115.954,145.536,134.428,120.328,120.91,117.764,127.178,133.94,143.546,148.668,152.792,133.58,119.01,125.634,127.44,128.488,123.856
1F4N,95.418,126.794,129.104,174.114,135.866,134.246,146.32,137.754,117.346,112.102,143.284,106.458,130.28,140.19,125.46,117.87,151.174,141.66,103.502,135.158,122.726,137.242,112.962,175.914,135.966,152.09,142.04,120.676,114.798,132.282,135.672,148.21
1F4N,107.56,130.204,122.66,153.438,127.558,131.888,137.39,133.932,128.862,122.198,148.008,104.18,134.17,148.444,117.622,119.812,151.534,137.252,131.69,121.656,127.034,136.702,127.348,151.516,136.904,149.612,124.976,121.908,112.28,128.21,128.724,143.408
1F4N,118.864,126.476,130.61,151.488,133.47,130.912,126.522,136.43,120.462,130.422,134.134,106.016,137.428,133.428,121.354,114.774,142.692,133.232,125.778,118.972,117.684,124.246,138.386,138.13,145.932,153.456,129.154,117.66,124.97,128.702,129.76,126.102
1F4N,117.558,127.256,130.958,141.492,133.314,129.112,126.358,141.796,121.07,130.002,138.32,107.204,132.53,135.184,122.66,118.384,139.696,135.646,131.008,118.172,121.464,124.494,144.822,133.41,146.284,153.52,122.976,122.994,128.584,129.824,126.5,127.962
1F4N,109.834,126.024,121.478,151.574,125.456,132.772,131.062,132.482,123.956,123.578,143.188,104.728,140.642,141.914,114.846,119.628,153.084,128.99,127.224,122.03,123.346,136.586,128.332,147.894,140.012,154.016,126.328,116.448,113.348,131.128,126.888,137.14
1F4N,94.75,130.308,123.586,176.88,133.272,135.324,148.448,142.484,115.232,112.704,146.122,103.23,126.894,138.916,133.754,123.514,150.774,136.552,97.652,135.69,132.266,128.756,105.706,180.774,132.1,145.084,147.352,122.366,108.608,134.962,138.644,143.58
1F4N,95.884,127.548,127.274,174.39,137.122,135.332,146.962,141.788,122.434,111.996,144.03,106.284,130.932,144.156,127.732,119.77,150.734,140.37,105.74,134.994,125.576,135.696,113.928,175.424,137.47,152.66,141.916,121.38,114.056,133.514,135.192,150.262
1F4N,108.596,130.144,117.842,153.448,124.462,132.304,130.964,134.252,124.682,121.796,140.062,107.534,139.848,139.896,118.956,124.068,149.984,130.416,126.274,119.792,127.094,130.984,127.248,151.946,137.144,147.764,128.262,122.07,114.53,127.166,128.242,131.292
1F4N,103.674,125.476,128.446,171.598,136.326,130.314,142.796,139.554,120.16,116.412,147.528,106.204,129.688,140.158,129.196,114.072,149.098,142.73,109.904,129.824,126.558,134.316,119.142,166.944,141.056,152.944,138.404,121.558,110.598,135.85,131.534,145.626
1F4N,90.946,114.114,129.326,162.622,126.392,126.256,145.556,129.344,120.058,114.016,151.304,104.824,135.048,148.35,122.572,121.108,147.156,143.004,114.596,126.498,125.754,144.054,127.96,166.196,135.416,147.998,133.764,110.554,111.1,132.188,125.562,150.212
1F4N,108.122,128.162,119.522,153.018,124.94,134.222,131.03,132.004,125.328,122.294,140.698,105.668,139.142,140.062,117.098,120.03,149.034,129.43,123.838,119.232,125.028,128.822,127.564,153.04,138.28,147.522,127.512,123.186,115.714,127.334,129.878,133.092
1F4N,98.618,124.524,134.096,170.316,135.722,129.042,143.928,140.964,123.444,120.564,144.468,108.678,132.762,144.906,126.868,115.758,151.574,144.29,109.404,134.274,124.696,135.686,119.092,173.398,142.022,155.116,145.06,122.464,115.63,133.712,132.986,142.794
1F4N,107.644,130.8,117.398,152.78,126.098,132.762,131.158,134.466,125.054,123.364,139.94,108.906,140.504,141.06,120.584,124.194,149.166,129.174,124.084,120.494,128.694,129.744,126.66,153.474,138.1,146.51,129.164,123.826,114.288,127.616,127.89,133.75
1F4N,98.394,125.65,126.398,176.022,132.786,133.634,146.108,137.252,118.952,112.724,143.86,107.086,129.776,140.0,124.504,123.338,149.704,139.428,104.476,136.532,124.07,135.856,113.442,175.196,136.112,153.484,140.712,122.252,113.374,136.51,131.108,147.512
1F4N,124.774,127.752,134.208,145.952,134.16,131.042,131.62,139.996,124.89,132.914,136.168,106.176,130.498,139.426,128.728,121.19,141.624,138.608,126.982,124.81,124.482,128.694,134.974,142.674,140.9,150.748,129.22,126.534,130.658,133.162,124.322,129.826
1F4N,122.536,128.674,135.114,140.016,135.834,130.446,126.784,140.744,124.268,129.468,140.71,107.448,132.928,140.336,122.874,117.604,139.786,138.092,131.976,119.592,122.05,123.964,145.166,130.696,142.918,155.326,120.44,123.22,132.92,131.184,126.386,132.108
1F4N,110.714,127.412,121.862,155.522,128.782,133.118,132.36,135.498,124.686,122.276,149.034,105.528,132.232,145.014,119.194,122.406,149.85,138.334,129.372,121.902,130.046,130.408,129.984,152.906,137.766,149.978,126.84,122.468,111.926,126.688,127.222,139.56
1F4N,106.966,129.748,116.906,151.85,124.182,133.51,131.696,134.224,124.262,124.398,140.588,106.098,139.744,141.97,117.116,122.454,148.84,128.182,123.438,119.83,125.414,129.258,126.836,152.472,136.99,146.866,125.936,122.206,115.37,128.13,127.824,132.098
1F4N,116.572,124.242,133.76,149.362,132.916,131.556,135.838,136.98,121.522,127.13,139.974,108.344,128.058,135.532,130.394,125.874,144.128,133.91,127.906,129.862,127.042,126.168,129.054,155.742,137.482,147.314,136.536,129.488,128.842,133.304,124.916,136.462
1F4N,116.16,133.718,126.632,143.706,135.28,125.88,126.91,134.632,120.226,124.61,133.416,108.318,138.634,140.986,121.522,120.518,138.72,134.08,130.92,116.088,121.574,125.556,134.49,135.868,145.424,158.966,115.112,124.376,133.7,127.632,120.97,125.062
1F4N,96.256,127.91,127.304,173.256,133.764,135.026,144.83,141.524,120.71,111.162,145.476,102.782,130.042,143.286,123.936,119.132,150.862,143.756,108.726,135.43,123.464,134.494,114.872,173.552,137.038,154.712,140.11,119.596,115.93,131.706,134.03,147.4
1F5N,108.886,142.934,141.356,119.276,128.63,137.462,143.324,148.01,133.17,135.29,157.744,128.508,128.452,148.486,132.93,110.328,131.434,154.448,137.104,129.662,145.752,149.392,137.226,136.26,143.98,147.874,112.976,134.08,124.926,139.294,127.112,151.47
1F5N,108.024,140.656,131.662,119.454,136.246,150.202,137.792,152.696,132.976,130.4,147.758,115.494,129.456,148.372,118.754,114.258,133.512,150.432,144.13,118.05,131.182,144.128,141.484,134.918,137.476,151.876,101.702,123.88,130.08,130.6,125.922,148.46
1F5N,107.608,138.854,138.91,122.12,128.492,132.738,141.408,141.16,133.156,135.87,153.68,127.418,131.076,145.578,132.738,116.516,130.86,151.858,138.336,126.932,145.422,149.506,137.014,133.77,148.24,153.608,104.22,130.33,126.62,142.336,125.698,147.13
1F5N,113.818,139.014,127.658,131.408,144.168,136.73,130.024,139.356,131.034,122.034,146.026,103.812,149.526,146.924,108.688,113.658,137.15,134.464,124.788,109.874,122.392,140.408,136.31,126.462,150.426,155.144,104.25,118.18,127.634,129.254,127.374,131.366
1F5N,115.0,139.762,126.742,132.082,143.664,135.726,128.39,138.892,129.942,119.828,148.05,103.524,148.368,145.874,109.77,112.194,135.654,136.788,124.52,111.384,122.562,140.186,136.268,125.39,150.886,158.676,103.314,117.02,128.312,129.914,129.264,131.338
1F5N,99.402,139.174,132.22,137.436,133.066,140.948,153.958,146.15,127.88,118.364,157.392,120.026,123.366,148.016,127.112,112.442,146.424,146.156,130.768,136.972,144.736,146.368,118.27,167.246,130.58,143.154,124.072,143.624,118.282,131.146,128.98,153.898
1F5N,112.46,144.572,139.002,110.322,138.164,143.112,126.086,147.232,131.422,140.908,141.782,118.172,133.79,152.014,119.178,108.424,125.07,147.098,149.932,110.786,129.962,142.392,154.762,116.938,142.726,157.41,93.334,123.926,138.94,137.544,124.164,143.338
1F5N,106.022,139.99,131.898,135.814,131.388,141.174,152.534,145.064,130.532,122.554,158.43,124.636,123.448,146.804,127.354,113.082,144.67,151.266,135.866,138.854,146.626,147.458,118.534,160.868,139.292,147.896,122.612,141.428,119.114,135.424,125.216,154.402
1F5N,117.182,139.55,127.846,132.78,143.288,133.534,130.756,137.72,131.916,120.506,146.556,106.372,147.022,144.19,110.948,114.312,135.358,135.52,126.282,112.834,126.416,140.982,134.906,125.726,152.282,157.594,105.67,116.552,128.084,129.996,130.016,130.306
1F5N,115.542,138.06,126.886,137.364,143.554,139.548,133.164,138.232,126.838,118.54,144.918,106.262,141.148,142.18,111.586,114.482,135.004,134.866,124.152,112.526,125.608,139.824,133.932,129.254,149.244,156.502,106.366,120.318,130.224,131.33,132.434,131.66
1F5N,112.19,148.83,135.818,111.098,138.988,144.972,125.878,148.08,130.682,143.098,146.1,118.926,132.536,143.392,120.642,104.796,125.714,152.892,149.316,114.748,132.218,141.42,155.232,118.69,145.696,156.5,95.09,122.934,132.436,136.618,128.208,144.942
1F5N,104.738,135.6,120.696,148.682,129.746,139.728,142.252,135.86,118.888,102.56,143.314,104.86,138.544,145.01,110.968,112.236,144.882,137.804,123.482,125.526,129.378,137.846,114.524,152.38,136.32,141.548,116.576,126.432,112.308,121.886,127.828,138.258
1F5N,114.788,139.816,124.506,136.746,141.398,136.7,133.7,135.576,128.474,119.268,144.25,107.418,140.762,141.91,111.614,113.518,135.632,135.246,124.412,113.804,124.536,141.62,134.63,129.452,149.538,155.528,106.2,118.674,128.22,128.86,131.758,131.39
1F5N,110.828,141.826,139.25,108.29,138.348,139.996,125.91,146.342,129.118,138.52,142.254,116.266,133.322,150.576,115.642,107.626,125.4,145.994,151.08,111.256,127.848,142.23,152.912,113.948,141.368,158.088,93.91,121.95,136.026,138.096,122.96,141.68
1F5N,110.002,143.48,139.65,121.996,131.152,138.948,141.53,148.54,134.192,136.206,158.83,130.362,126.15,149.366,131.998,112.058,132.178,155.354,137.698,131.226,147.986,147.11,137.49,135.288,148.194,151.914,113.706,134.672,125.004,140.416,130.174,152.758
1F5N,116.944,143.616,135.404,110.906,136.986,144.424,131.582,145.442,132.418,136.0,143.958,118.116,134.504,148.254,116.906,108.068,129.524,146.684,147.698,111.764,132.824,140.25,151.412,120.884,146.552,154.3,95.904,121.902,133.734,131.894,123.944,144.158
1F5N,103.768,145.986,139.876,121.25,131.124,138.646,146.882,150.526,133.806,138.0,160.464,132.49,131.928,150.782,132.196,116.968,130.28,156.67,141.196,136.136,141.076,140.632,135.782,139.292,145.702,149.28,110.332,136.288,122.764,136.232,126.854,152.376
1F5N,111.056,138.586,121.864,131.906,144.052,135.246,132.34,141.164,131.358,119.776,146.828,103.89,149.414,141.61,108.56,112.266,136.584,134.578,125.096,106.106,126.08,143.644,133.224,120.884,150.044,157.016,97.706,113.608,129.06,129.678,129.68,133.798
1F5N,107.726,141.836,141.418,121.416,135.284,134.662,142.996,144.282,132.508,134.36,157.514,132.2,128.974,149.71,132.356,111.46,133.336,152.868,139.18,129.448,145.956,152.232,137.95,133.37,148.298,151.066,107.994,132.558,128.666,143.28,128.584,148.574
1F5N,110.222,141.324,133.138,117.044,138.816,149.998,137.66,152.144,133.142,131.5,147.904,114.604,130.534,150.108,119.85,112.658,132.304,149.102,146.346,118.428,129.098,143.104,142.526,134.108,138.022,152.1,101.13,123.33,131.784,134.13,126.408,149.822
1F5N,112.278,144.504,141.982,110.284,138.978,144.784,126.364,148.5,133.334,141.514,143.346,119.632,131.634,152.884,118.824,109.014,128.23,149.586,150.8,114.09,129.828,143.37,153.576,119.102,144.486,156.01,93.514,122.54,140.778,139.566,124.958,144.272
1F5N,108.584,146.308,136.964,122.768,129.59,137.302,138.564,148.008,130.784,134.412,160.872,131.564,132.056,143.688,129.582,110.738,130.616,153.942,140.47,134.656,144.418,145.66,141.166,136.766,147.998,152.46,111.88,134.038,125.428,137.35,127.276,153.014
1F5N,108.104,135.704,135.178,127.052,133.646,136.124,150.102,143.03,130.278,127.064,156.962,129.768,126.976,145.288,132.01,117.514,142.892,148.952,141.782,138.508,142.138,146.664,126.846,152.776,139.608,146.84,114.59,136.564,123.26,138.432,123.684,157.366
1F5N,112.828,144.9,139.36,111.016,139.592,143.294,127.092,149.91,132.428,137.0,142.442,121.086,132.844,151.684,117.922,108.2,125.518,146.9,149.788,112.378,127.538,143.414,151.252,118.792,142.544,156.238,93.87,125.182,139.084,138.332,126.57,143.434
1F5N,110.622,148.312,137.902,110.58,137.002,144.53,125.988,150.532,131.434,141.574,149.786,121.042,131.232,147.716,121.99,108.658,124.344,154.832,151.862,112.69,133.266,140.066,153.424,119.692,144.71,156.742,94.028,126.226,138.472,139.816,123.28,143.456
1F5N,112.384,139.208,125.82,132.514,143.458,137.504,132.22,141.086,131.82,121.806,146.61,104.054,147.86,144.828,110.59,114.194,136.292,137.646,125.9,113.502,124.816,141.574,134.598,125.908,152.854,155.958,105.616,115.564,127.08,130.346,128.438,134.248
1F5N,110.256,141.492,123.674,124.792,144.156,141.286,126.228,142.808,132.886,122.198,146.516,100.532,146.256,144.868,105.544,110.62,136.714,135.668,125.074,111.248,119.578,139.45,137.138,119.594,148.584,159.562,102.726,112.224,128.908,127.904,134.284,133.126
1F5N,105.238,146.236,137.212,119.312,129.014,137.67,143.288,147.014,132.336,133.702,156.848,127.61,127.434,147.77,133.272,108.958,130.598,153.066,136.278,129.784,145.348,146.266,137.17,135.64,146.354,149.342,112.318,134.092,126.102,137.254,128.93,151.626
1F5N,115.702,142.322,131.086,127.738,142.178,136.422,126.23,143.264,135.464,127.864,146.526,101.768,147.25,147.424,108.84,111.578,136.376,140.428,129.09,112.65,120.574,138.278,141.08,116.212,150.882,162.26,105.884,111.914,133.824,132.766,128.818,128.154
1F5N,106.464,145.794,138.792,120.66,131.5,138.428,143.584,147.492,132.858,133.658,157.542,129.566,126.908,148.386,132.18,111.804,132.886,153.674,138.054,129.562,145.804,147.328,137.944,135.27,146.228,150.494,111.816,135.806,125.376,138.736,128.59,152.67
1F5N,113.03,147.608,135.95,108.3,143.904,149.704,133.102,149.338,135.028,142.138,147.096,115.34,137.348,148.36,117.174,108.538,124.494,148.242,150.488,110.544,128.058,143.272,155.43,113.982,140.524,154.17,95.502,125.984,134.4,133.126,128.186,142.834
1F5N,113.332,137.78,126.126,131.556,143.45,136.576,129.414,140.956,132.348,119.88,148.72,103.014,146.36,150.24,108.616,115.836,137.77,140.344,124.998,110.806,122.346,140.86,137.454,125.332,148.824,159.78,103.736,111.232,128.412,129.796,133.478,129.71
1F5N,112.206,140.208,136.724,109.218,133.674,140.412,123.892,146.152,129.752,140.9,143.11,114.106,131.82,148.258,116.474,107.918,125.13,148.294,149.734,109.562,129.308,142.468,152.726,114.42,141.444,155.8,93.978,120.334,136.974,137.762,121.53,138.716
1F6N,120.632,139.45,128.2,133.7,128.666,129.996,118.016,137.722,128.586,129.004,138.174,114.21,136.646,133.216,111.518,112.442,129.178,142.424,130.748,119.736,125.452,137.084,135.138,122.42,152.616,152.632,113.264,115.31,122.566,134.266,126.63,125.286
1F6N,98.316,143.64,127.59,136.868,147.284,143.534,137.628,154.026,127.28,124.59,139.182,110.308,139.716,161.206,116.876,113.366,150.75,136.546,134.502,117.04,127.28,131.354,143.422,150.65,132.474,136.24,115.44,126.52,127.468,124.79,135.596,142.384
1F6N,104.292,136.746,136.066,145.704,140.99,130.482,138.704,141.132,123.974,128.678,147.492,111.572,144.584,138.696,116.1,108.026,144.18,141.37,129.472,122.314,131.16,140.612,126.944,143.074,148.414,157.432,118.088,122.888,134.684,142.65,129.442,142.988
1F6N,103.842,134.354,134.28,143.032,138.012,132.538,136.842,144.768,124.666,125.544,145.0,112.626,142.548,136.746,117.4,107.078,142.954,143.398,131.132,123.394,129.89,144.86,130.37,137.578,145.216,159.332,117.5,123.032,134.092,143.68,130.026,140.852
1F6N,102.05,134.844,133.134,141.49,138.388,129.756,138.384,142.308,123.088,126.884,149.232,110.908,146.152,137.32,115.926,108.368,140.556,141.876,127.676,122.6,128.888,141.85,129.482,137.98,146.456,157.182,116.378,120.708,135.228,142.266,129.306,142.632
1F6N,97.368,146.106,128.646,140.122,146.812,141.354,140.23,157.194,125.598,125.89,138.964,112.074,139.532,163.108,119.522,112.526,153.526,140.334,133.288,122.4,130.644,132.43,143.096,155.744,132.772,135.992,121.77,129.696,125.59,126.452,138.526,141.292
1F6N,98.456,130.0,130.372,139.35,135.752,130.006,135.242,138.676,119.536,121.208,144.614,106.156,142.276,134.454,112.03,100.33,140.886,138.074,128.22,117.64,122.916,139.308,125.834,134.914,142.312,153.78,115.198,115.696,134.93,137.434,129.748,137.884
1F6N,121.568,133.878,126.592,136.082,124.376,126.516,115.192,134.19,124.45,130.632,136.536,112.796,133.56,129.938,109.514,113.458,127.136,142.058,132.456,118.68,117.592,128.882,136.356,120.454,154.084,157.154,109.444,114.736,122.064,129.48,122.426,121.21
1F6N,107.098,132.036,130.742,139.404,135.366,132.676,135.222,138.196,124.698,123.906,146.838,112.166,143.152,136.146,112.566,107.458,136.562,146.318,127.694,117.722,129.47,145.468,135.194,131.45,147.058,158.748,113.654,119.014,130.08,142.632,132.702,136.868
1F6N,102.434,136.072,132.182,153.53,134.99,132.42,139.444,144.712,122.766,119.624,145.886,110.892,137.954,137.934,119.72,107.714,152.28,139.5,127.95,123.61,133.564,141.008,126.506,150.432,146.902,158.81,123.38,128.49,127.632,138.762,129.596,142.056
1F6N,119.736,133.14,128.124,143.042,128.868,130.384,119.22,133.962,124.914,130.878,133.65,119.198,135.74,128.93,114.042,116.21,129.32,143.374,128.154,120.534,121.056,130.31,133.852,131.746,154.23,154.912,117.954,118.952,122.56,132.502,123.534,125.374
1F6N,91.112,140.632,118.632,146.816,142.098,147.454,146.86,148.402,117.316,111.966,143.268,106.116,134.822,159.792,113.568,110.352,156.998,132.242,125.558,126.118,129.078,139.408,120.634,168.604,129.798,131.72,126.194,134.758,120.926,119.47,141.078,141.522
1F6N,122.382,134.994,131.152,137.658,128.196,128.024,117.97,136.008,130.128,129.708,141.658,112.57,136.098,133.884,111.862,115.428,125.4,147.886,130.718,120.634,120.568,136.108,140.23,120.894,152.938,156.13,113.234,119.22,126.778,132.568,123.566,122.77
1F6N,98.82,142.906,128.182,133.166,146.868,145.58,136.826,152.952,125.152,125.408,139.036,111.572,138.974,158.452,116.6,110.642,149.104,138.602,134.94,118.008,127.544,130.702,143.34,148.254,133.346,134.664,117.484,126.724,127.81,123.368,135.3,141.616
1F6N,101.242,135.404,133.854,141.878,140.376,129.476,138.648,144.516,122.106,128.732,149.178,112.034,147.674,137.266,117.486,107.64,140.758,141.294,127.118,122.196,127.594,142.486,130.438,137.824,146.488,157.078,116.574,122.056,134.32,141.734,130.728,142.392
1F6N,101.08,134.75,133.532,141.004,140.22,133.136,138.48,143.07,121.716,124.362,145.274,114.786,142.83,136.22,116.272,108.384,149.64,141.986,130.456,118.758,130.078,143.672,129.334,140.798,143.25,151.492,118.37,125.334,133.452,137.788,133.38,143.224
1F6N,115.802,134.432,127.244,150.806,128.472,128.554,128.164,134.654,119.424,119.632,137.306,117.18,134.268,139.902,116.574,118.894,138.868,138.418,121.29,127.032,127.232,128.816,131.658,140.588,145.796,151.862,129.164,123.034,115.532,130.724,130.32,130.844
1F6N,102.81,132.366,133.264,140.206,137.972,127.92,139.174,141.074,122.608,129.398,146.9,111.684,148.568,137.1,114.06,106.732,137.862,140.704,127.218,119.926,130.514,143.418,129.558,136.49,145.066,157.546,115.032,119.99,136.976,141.62,129.482,141.426
1F6N,102.336,144.296,128.692,135.622,148.22,146.864,134.84,155.21,127.208,123.428,138.856,109.976,143.792,161.172,117.168,112.936,148.03,138.932,133.592,115.84,127.24,126.966,143.45,145.612,137.13,139.18,113.856,122.86,130.312,125.598,136.614,139.78
1F6N,95.56,140.916,124.946,134.02,145.0,141.404,136.932,152.238,125.666,124.306,139.42,108.856,138.536,158.268,114.836,107.87,149.344,137.45,132.306,116.176,123.776,131.364,143.276,147.89,132.108,134.342,115.396,126.246,125.442,122.162,132.26,142.39
1F6N,97.782,144.79,130.516,136.836,149.72,140.746,137.526,155.432,124.222,124.858,136.958,108.406,141.212,160.312,121.018,108.674,147.192,139.272,132.142,118.486,128.69,135.422,139.814,144.1,133.714,139.01,116.512,123.798,128.308,130.364,133.072,140.968
1F6N,101.178,133.098,127.048,140.328,138.266,133.748,140.646,138.708,122.11,127.164,146.4,107.294,150.34,131.268,111.408,108.32,144.028,141.484,130.282,114.618,129.87,148.832,133.49,136.232,149.328,160.636,111.596,120.756,134.648,137.716,131.238,140.252
1F6N,122.238,137.094,126.688,134.796,127.196,129.864,116.238,136.004,127.744,130.684,137.982,114.494,138.152,129.502,113.138,116.76,126.828,144.718,131.198,120.858,119.48,130.804,137.838,121.034,152.504,158.512,108.506,116.178,126.22,132.246,125.25,122.788
1F6N,91.372,139.864,113.74,151.792,141.844,143.718,147.16,150.506,113.728,104.84,142.256,104.02,133.68,158.244,111.818,114.506,158.536,130.018,122.47,127.878,124.78,142.128,113.112,177.436,126.894,129.736,129.812,137.634,113.232,115.99,140.412,141.752
1F6N,118.53,136.188,126.882,133.238,128.386,127.58,118.148,140.88,127.872,131.276,143.46,114.422,137.482,132.802,113.914,116.23,127.806,145.614,133.432,118.854,119.276,133.756,138.906,116.05,150.668,153.04,108.77,115.664,126.048,132.042,122.338,126.084
1F6N,100.59,144.536,127.754,131.228,150.362,142.156,139.626,158.588,128.89,122.868,141.522,106.126,139.412,160.828,115.992,113.154,148.822,138.94,133.766,113.87,129.634,132.034,143.008,145.332,136.972,141.718,114.44,125.028,128.484,126.152,133.338,140.494
1F6N,102.828,137.958,135.732,141.092,141.302,129.718,138.996,144.652,124.286,129.452,150.054,113.442,147.328,138.95,117.508,109.114,142.82,141.524,129.628,122.054,132.082,143.12,129.44,138.556,145.052,157.324,116.83,122.464,138.354,142.88,132.464,142.884
1F6N,95.298,142.078,127.124,133.196,145.02,141.886,135.568,153.518,123.336,124.628,137.922,109.552,139.44,157.898,115.636,107.406,150.94,135.4,133.72,114.702,125.668,130.078,142.466,147.422,133.282,135.734,115.276,125.014,125.336,121.088,134.398,141.572
1F6N,100.942,146.066,125.874,136.448,149.284,143.172,137.036,154.514,129.474,124.87,140.276,104.662,139.572,160.402,117.136,111.008,150.848,139.94,135.08,114.718,126.25,129.692,143.972,148.468,136.288,142.358,116.098,123.558,126.128,128.428,137.396,139.74
1F6N,121.578,136.722,126.164,134.724,129.176,128.064,117.41,137.176,126.91,130.746,137.786,115.08,138.124,128.936,112.664,116.698,126.974,144.294,132.22,119.688,120.936,131.344,138.952,120.426,153.716,158.386,109.048,117.236,125.548,132.634,126.594,122.128
1F6N,123.218,134.868,129.332,137.094,126.38,129.132,118.218,137.388,125.018,131.878,136.202,115.184,137.538,129.13,114.42,114.386,127.746,143.442,129.858,121.684,120.616,131.316,138.104,123.364,152.986,155.58,111.554,117.726,126.918,135.07,123.88,122.052
1F6N,120.088,134.538,124.134,138.316,129.264,129.118,117.356,139.13,125.776,131.144,138.08,112.178,140.96,132.72,115.222,112.948,129.304,147.58,129.652,119.59,118.632,133.604,140.972,124.456,155.114,157.49,113.372,118.338,121.654,130.202,124.858,123.972
1F6N,123.424,135.742,126.424,135.636,129.636,129.842,116.908,137.68,126.614,130.208,138.362,116.502,137.81,128.092,112.04,118.194,127.374,143.804,130.568,120.15,119.592,133.474,137.6,119.7,152.554,157.582,109.67,116.024,124.862,133.438,125.6,123.738
